"id";"id_bidang";"id_kategori";"kode";"nama";"skor";"created_at";"updated_at";"created_by";"updated_by"
2;1;1;"1A1";"Juara-1 Perorangan";50.0;"2024-12-07 05:29:27";"2024-12-07 05:29:27";4;0
3;1;1;"1A2";"Juara-2 Perorangan";45.0;"2024-12-07 05:38:32";"2024-12-07 05:38:32";4;0
4;1;1;"1A3";"Juara-3 Perorangan";40.0;"2024-12-07 05:39:04";"2024-12-07 05:39:04";4;0
5;1;1;"1A4";"Juara Kategori Perorangan";32.0;"2024-12-07 05:39:40";"2024-12-07 05:39:40";4;0
6;1;1;"1A5";"Juara-1 Beregu";40.0;"2024-12-07 05:40:26";"2024-12-07 05:40:26";4;0
7;1;1;"1A6";"Juara-2 Beregu";35.0;"2024-12-07 05:40:52";"2024-12-07 05:40:52";4;0
8;1;1;"1A7";"Juara-3 Beregu";30.0;"2024-12-07 05:41:29";"2024-12-07 05:41:29";4;0
9;1;1;"1A8";"Juara Kategori Beregu";24.0;"2024-12-07 05:42:13";"2024-12-07 05:42:13";4;0
10;1;2;"1B1";"Juara-1 Perorangan";40.0;"2024-12-07 05:43:01";"2024-12-07 05:43:01";4;0
11;1;2;"1B2";"Juara-2 Perorangan";35.0;"2024-12-07 05:43:26";"2024-12-07 05:43:26";4;0
12;1;2;"1B3";"Juara-3 Perorangan";30.0;"2024-12-07 05:43:58";"2024-12-07 05:43:58";4;0
13;1;2;"1B4";"Juara Kategori Perorangan";24.0;"2024-12-07 05:44:49";"2024-12-07 05:44:49";4;0
14;1;2;"1B5";"Juara-1 Beregu";30.0;"2024-12-07 05:45:48";"2024-12-07 05:45:48";4;0
15;1;2;"1B6";"Juara-2 Beregu";25.0;"2024-12-07 05:46:15";"2024-12-07 05:46:15";4;0
16;1;2;"1B7";"Juara-3 Beregu";20.0;"2024-12-07 06:03:36";"2024-12-07 06:03:36";4;0
17;1;2;"1B8";"Juara Kategori Beregu";16.0;"2024-12-07 06:04:05";"2024-12-07 06:04:05";4;0
18;1;3;"1C1";"Juara-1 Perorangan";30.0;"2024-12-07 06:04:47";"2024-12-07 06:04:47";4;0
19;1;3;"1C2";"Juara-2 Perorangan";25.0;"2024-12-07 06:05:10";"2024-12-07 06:05:10";4;0
20;1;3;"1C3";"Juara-3 Perorangan";20.0;"2024-12-07 06:05:40";"2024-12-07 06:05:40";4;0
21;1;3;"1C4";"Juara Kategori Perorangan";16.0;"2024-12-07 06:06:08";"2024-12-07 06:06:08";4;0
22;1;3;"1C5";"Juara-1 Beregu";20.0;"2024-12-07 06:06:38";"2024-12-07 06:06:38";4;0
23;1;3;"1C6";"Juara-2 Beregu";15.0;"2024-12-07 06:07:08";"2024-12-07 06:07:08";4;0
24;1;3;"1C7";"Juara-3 Beregu";10.0;"2024-12-07 06:08:56";"2024-12-07 06:08:56";4;0
25;1;3;"1C8";"Juara Kategori Beregu";10.0;"2024-12-07 06:10:01";"2024-12-07 06:10:01";4;0
26;1;3;"1D1";"Juara-1 Perorangan";20.0;"2024-12-07 06:11:36";"2024-12-07 06:11:36";4;0
27;1;3;"1D2";"Juara-2 Perorangan";15.0;"2024-12-07 06:12:09";"2024-12-07 06:12:09";4;0
28;1;3;"1D3";"Juara-3 Perorangan";10.0;"2024-12-07 06:12:34";"2024-12-07 06:12:34";4;0
29;1;3;"1D4";"Juara Kategori Perorangan";8.0;"2024-12-07 06:13:02";"2024-12-07 06:13:02";4;0
30;1;3;"1D5";"Juara-1 Beregu";10.0;"2024-12-07 06:14:21";"2024-12-07 06:14:21";4;0
31;1;3;"1D6";"Juara-2 Beregu";7.0;"2024-12-07 06:15:07";"2024-12-07 06:15:07";4;0
32;1;3;"1D7";"Juara-3 Beregu";6.0;"2024-12-07 06:15:38";"2024-12-07 06:15:38";4;0
33;1;3;"1D8";"Juara Kategori Beregu";5.0;"2024-12-07 06:16:07";"2024-12-07 06:16:07";4;0
34;2;1;"2A1";"Pelatih/Wasit/Juri Bersertifikat";50.0;"2024-12-07 06:17:47";"2024-12-07 06:17:47";4;0
35;2;1;"2A2";"Pelatih/Wasit/Juri Tidak Bersertifikat";25.0;"2024-12-07 06:18:30";"2024-12-07 06:18:54";4;4
36;2;1;"2A4";"Narasumber/Pembicara";25.0;"2024-12-07 06:23:04";"2024-12-07 06:23:04";4;0
37;2;1;"2A5";"Moderator";20.0;"2024-12-07 06:23:35";"2024-12-07 06:23:35";4;0
38;2;1;"2A6";"Lainnya";20.0;"2024-12-07 06:24:04";"2024-12-07 06:24:04";4;0
39;2;2;"2B1";"Pelatih/Wasit/Juri Bersertifikat";40.0;"2024-12-07 06:25:41";"2024-12-07 06:25:41";4;0
40;2;2;"2B2";"Pelatih/Wasit/Juri Tidak Bersertifikat";20.0;"2024-12-07 06:26:32";"2024-12-07 06:26:32";4;0
41;2;2;"2B4";"Narasumber/Pembicara";20.0;"2024-12-07 06:27:08";"2024-12-07 06:27:08";4;0
42;2;2;"2B5";"Moderator";15.0;"2024-12-07 06:27:41";"2024-12-07 06:27:41";4;0
43;2;2;"2B6";"Lainnya";15.0;"2024-12-07 06:28:03";"2024-12-07 06:28:03";4;0
44;2;3;"2C1";"Pelatih/Wasit/Juri Bersertifikat";30.0;"2024-12-07 06:30:09";"2024-12-07 06:30:09";4;0
45;2;3;"2C2";"Pelatih/Wasit/Juri Tidak Bersertifikat";15.0;"2024-12-07 06:31:03";"2024-12-07 06:31:03";4;0
46;2;3;"2C4";"Narasumber/Pembicara";15.0;"2024-12-07 06:32:23";"2024-12-07 06:32:23";4;0
47;2;3;"2C5";"Moderator";10.0;"2024-12-07 06:33:08";"2024-12-07 06:33:08";4;0
48;2;3;"2C6";"Lainnya";10.0;"2024-12-07 06:35:36";"2024-12-07 06:35:36";4;0
49;2;4;"2D1";"Pelatih/Wasit/Juri Bersertifikat";20.0;"2024-12-07 06:36:19";"2024-12-07 06:36:19";4;0
50;2;4;"2D2";"Pelatih/Wasit/Juri Tidak Bersertifikat";10.0;"2024-12-07 06:37:06";"2024-12-07 06:37:06";4;0
51;2;4;"2D4";"Narasumber/Pembicara";10.0;"2024-12-07 06:37:41";"2024-12-07 06:37:41";4;0
52;2;4;"2D5";"Moderator";5.0;"2024-12-07 06:38:16";"2024-12-07 06:38:16";4;0
53;2;4;"2D6";"Lainnya";5.0;"2024-12-07 06:38:37";"2024-12-07 06:38:37";4;0
54;3;1;"3A1";"Tanda Jasa";50.0;"2024-12-07 06:45:49";"2024-12-07 06:45:49";4;0
55;3;1;"3A2";"Grand Final, Peraih medali emas berdasarkan nilai terbatas";30.0;"2024-12-07 06:46:42";"2024-12-07 06:46:42";4;0
56;3;1;"3A3";"Grand Final, Peraih medali perak berdasarkan nilai terbatas";25.0;"2024-12-07 06:47:45";"2024-12-07 06:47:45";4;0
57;3;1;"3A4";"Grand Final, Peraih medali perunggu berdasarkan nilai terbatas";20.0;"2024-12-07 06:48:17";"2024-12-07 06:48:17";4;0
58;3;1;"3A5";"Piagam Partisipasi";10.0;"2024-12-07 06:48:53";"2024-12-07 06:48:53";4;0
59;3;1;"3A6";"Penerima Hibah Kompetisi";10.0;"2024-12-07 06:50:22";"2024-12-07 06:50:22";4;0
60;3;1;"3A7";"Lainnya";10.0;"2024-12-07 06:50:52";"2024-12-07 06:50:52";4;0
61;3;1;"3B1";"Tanda Jasa";40.0;"2024-12-07 06:51:30";"2024-12-07 06:51:30";4;0
62;3;2;"3B2";"Grand Final, Peraih medali emas berdasarkan nilai terbatas";20.0;"2024-12-07 07:00:06";"2024-12-07 07:00:06";4;0
63;3;2;"3B3";"Grand Final, Peraih medali perak berdasarkan nilai terbatas";15.0;"2024-12-07 07:00:36";"2024-12-07 07:00:36";4;0
64;3;2;"3B4";"Grand Final, Peraih medali perunggu berdasarkan nilai terbatas";10.0;"2024-12-07 07:01:41";"2024-12-07 07:01:41";4;0
65;3;2;"3B5";"Piagam Partisipasi";5.0;"2024-12-07 07:02:21";"2024-12-07 07:02:21";4;0
66;3;2;"3B6";"Penerima Hibah Kompetisi";5.0;"2024-12-07 07:02:55";"2024-12-07 07:02:55";4;0
67;3;2;"3B7";"Lainnya";5.0;"2024-12-07 07:04:01";"2024-12-07 07:04:01";4;0
68;3;3;"3C1";"Tanda Jasa";30.0;"2024-12-07 07:04:41";"2024-12-07 07:04:41";4;0
69;3;3;"3C2";"Grand Final, Peraih medali emas berdasarkan nilai terbatas";10.0;"2024-12-07 07:05:23";"2024-12-07 07:05:23";4;0
70;3;3;"3C3";"Grand Final, Peraih medali perak berdasarkan nilai terbatas";7.0;"2024-12-07 07:06:05";"2024-12-07 07:06:05";4;0
71;3;3;"3C4";"Grand Final, Peraih medali perunggu berdasarkan nilai terbatas";5.0;"2024-12-07 07:06:39";"2024-12-07 07:06:39";4;0
72;3;3;"3C5";"Piagam Partisipasi";3.0;"2024-12-07 07:07:12";"2024-12-07 07:07:12";4;0
73;3;3;"3C6";"Penerima Hibah Kompetisi";3.0;"2024-12-07 07:07:52";"2024-12-07 07:07:52";4;0
74;3;3;"3C7";"Lainnya";3.0;"2024-12-07 07:08:13";"2024-12-07 07:08:13";4;0
75;3;4;"3D1";"Tanda Jasa";20.0;"2024-12-07 07:08:57";"2024-12-07 07:08:57";4;0
76;3;4;"3D2";"Grand Final, Peraih medali emas berdasarkan nilai terbatas";5.0;"2024-12-07 07:09:23";"2024-12-07 07:09:23";4;0
77;3;4;"3D3";"Grand Final, Peraih medali perak berdasarkan nilai terbatas";3.0;"2024-12-07 07:09:53";"2024-12-07 07:09:53";4;0
78;3;4;"3D4";"Grand Final, Peraih medali perunggu berdasarkan nilai terbatas";2.0;"2024-12-07 07:10:21";"2024-12-07 07:10:21";4;0
79;3;4;"3D5";"Piagam Partisipasi";1.0;"2024-12-07 07:10:52";"2024-12-07 07:10:52";4;0
80;3;4;"3D6";"Penerima Hibah Kompetisi";1.0;"2024-12-07 07:11:26";"2024-12-07 07:11:26";4;0
81;3;4;"3D7";"Lainnya";1.0;"2024-12-07 07:11:44";"2024-12-07 07:11:44";4;0
82;4;1;"4A1";"Ketua";50.0;"2024-12-07 07:15:36";"2024-12-07 07:15:36";4;0
83;4;1;"4A2";"Wakil Ketua";45.0;"2024-12-07 07:16:14";"2024-12-07 07:16:14";4;0
84;4;1;"4A3";"Sekretaris";40.0;"2024-12-07 07:16:56";"2024-12-07 07:16:56";4;0
85;4;1;"4A4";"Bendahara";40.0;"2024-12-07 07:17:20";"2024-12-07 07:17:20";4;0
86;4;1;"4A5";"Satu Tingkat Dibawah Pengurus Harian";30.0;"2024-12-07 07:18:03";"2024-12-07 07:18:03";4;0
87;4;2;"4B1";"Ketua";40.0;"2024-12-07 07:18:31";"2024-12-07 07:18:31";4;0
88;4;2;"4B2";"Wakil Ketua";35.0;"2024-12-07 07:19:17";"2024-12-07 07:19:17";4;0
89;4;2;"4B3";"Sekretaris";30.0;"2024-12-07 07:20:01";"2024-12-07 07:20:01";4;0
90;4;2;"4B4";"Bendahara";30.0;"2024-12-07 07:20:40";"2024-12-07 07:20:40";4;0
91;4;2;"4B5";"Satu Tingkat Dibawah Pengurus Harian";20.0;"2024-12-07 07:21:10";"2024-12-07 07:21:10";4;0
92;4;3;"4C1";"Ketua";30.0;"2024-12-07 07:21:33";"2024-12-07 07:21:33";4;0
93;4;3;"4C2";"Wakil Ketua";25.0;"2024-12-07 07:21:56";"2024-12-07 07:21:56";4;0
94;4;3;"4C3";"Sekretaris";20.0;"2024-12-07 07:22:28";"2024-12-07 07:22:28";4;0
95;4;3;"4C4";"Bendahara";20.0;"2024-12-07 07:22:48";"2024-12-07 07:22:48";4;0
96;4;3;"4C5";"Satu Tingkat Dibawah Pengurus Harian";10.0;"2024-12-07 07:23:18";"2024-12-07 07:23:18";4;0
97;4;4;"4D1";"Ketua";20.0;"2024-12-07 07:23:44";"2024-12-07 07:23:44";4;0
98;4;4;"4D2";"Wakil Ketua";15.0;"2024-12-07 07:24:09";"2024-12-07 07:24:09";4;0
99;4;4;"4D3";"Sekretaris";10.0;"2024-12-07 07:24:29";"2024-12-07 07:24:29";4;0
100;4;4;"4D4";"Bendahara";10.0;"2024-12-07 07:24:50";"2024-12-07 07:24:50";4;0
101;4;4;"4D5";"Satu Tingkat Dibawah Pengurus Harian";5.0;"2024-12-07 07:25:20";"2024-12-07 07:25:20";4;0
102;4;5;"4E1";"Ketua";10.0;"2024-12-07 07:25:53";"2024-12-07 07:25:53";4;0
103;4;5;"4E2";"Wakil Ketua";8.0;"2024-12-07 07:26:15";"2024-12-07 07:26:15";4;0
104;4;5;"4E3";"Sekretaris";6.0;"2024-12-07 07:26:46";"2024-12-07 07:26:46";4;0
105;4;5;"4E4";"Bendahara";6.0;"2024-12-07 07:27:06";"2024-12-07 07:27:06";4;0
106;4;5;"4E5";"Satu Tingkat Dibawah Pengurus Harian";2.0;"2024-12-07 07:27:32";"2024-12-07 07:27:32";4;0
107;5;1;"5A6";"Penulis Utama/Korespondensi Karya Ilmiah di Jurnal yang Bereputasi dan Diakui";50.0;"2024-12-07 07:53:16";"2024-12-07 07:53:16";4;0
108;5;1;"5A7";"Penulis Kedua (Bukan Korespondensi) dst Karya Ilmiah di Jurnal Bereputasi dan Diakui";30.0;"2024-12-07 07:54:31";"2024-12-07 07:54:31";4;0
109;5;3;"5C1";"Paten";50.0;"2024-12-07 07:55:05";"2024-12-07 07:55:05";4;0
110;5;3;"5C2";"Paten Sederhana";30.0;"2024-12-07 07:55:30";"2024-12-07 07:55:30";4;0
111;5;3;"5C3";"Cipta Karya Orisinal";30.0;"2024-12-07 07:56:03";"2024-12-07 07:56:03";4;0
112;5;3;"5C4";"Buku Ber-ISBN Penulis Pertama";30.0;"2024-12-07 07:56:40";"2024-12-07 07:56:40";4;0
113;5;3;"5C5";"Buku Ber-ISBN Penulis Kedua dst";20.0;"2024-12-07 07:57:12";"2024-12-07 07:57:12";4;0
114;5;3;"5C6";"Penulis Utama/Korespondensi Karya Ilmiah di Jurnal yang Bereputasi dan Diakui";30.0;"2024-12-07 07:57:55";"2024-12-07 07:57:55";4;0
115;5;3;"5C7";"Penulis Kedua (Bukan Korespondensi) dst Karya Ilmiah di Jurnal Bereputasi dan Diakui";20.0;"2024-12-07 07:58:37";"2024-12-07 07:58:37";4;0
116;6;1;"6A1";"Pemrakarsa/Pendiri";50.0;"2024-12-07 13:22:06";"2024-12-07 13:22:06";4;0
117;6;1;"6A2";"Koordinator Relawan";35.0;"2024-12-07 13:24:13";"2024-12-07 13:24:13";4;0
118;6;1;"6A3";"Relawan";25.0;"2024-12-07 13:25:41";"2024-12-07 13:25:41";4;0
119;6;2;"6B1";"Pemrakarsa/Pendiri";40.0;"2024-12-07 13:26:45";"2024-12-07 13:26:45";4;0
120;6;2;"6B2";"Koordinator Relawan";25.0;"2024-12-07 13:27:28";"2024-12-07 13:27:28";4;0
121;6;2;"6B3";"Relawan";15.0;"2024-12-07 13:28:15";"2024-12-07 13:28:15";4;0
122;6;3;"6C1";"Pemrakarsa/Pendiri";30.0;"2024-12-07 13:29:35";"2024-12-07 13:29:35";4;0
123;6;3;"6C2";"Koordinator Relawan";15.0;"2024-12-07 13:30:04";"2024-12-07 13:30:04";4;0
124;6;3;"6C3";"Relawan";10.0;"2024-12-07 13:31:46";"2024-12-07 13:31:46";4;0
125;6;4;"6D1";"Pemrakarsa/Pendiri";20.0;"2024-12-07 13:32:40";"2024-12-07 13:32:40";4;0
126;6;4;"6D2";"Koordinator Relawan";10.0;"2024-12-07 13:33:18";"2024-12-07 13:33:18";4;0
127;6;4;"6D3";"Relawan";5.0;"2024-12-07 13:33:39";"2024-12-07 13:33:39";4;0
128;6;2;"6E1";"Pemrakarsa/Pendiri";10.0;"2024-12-07 13:34:05";"2024-12-07 13:34:05";4;0
129;6;2;"6E2";"Koordinator Relawan";5.0;"2024-12-07 13:34:28";"2024-12-07 13:34:28";4;0
130;6;2;"6E3";"Relawan";3.0;"2024-12-07 13:34:49";"2024-12-07 13:34:49";4;0
131;7;1;"7A1";"Kewirausahaan Taraf Internasional";50.0;"2024-12-07 13:36:02";"2024-12-07 13:36:02";4;0
132;7;2;"7B1";"Kewirausahaan Taraf Regional";40.0;"2024-12-07 13:36:53";"2024-12-07 13:37:52";4;4
133;7;3;"7C1";"Kewirausahaan Taraf Nasional";30.0;"2024-12-07 13:37:29";"2024-12-07 13:38:16";4;4
134;7;1;"7D1";"Kewirausahaan Taraf Provinsi";20.0;"2024-12-07 13:38:51";"2024-12-07 13:38:51";4;0
135;7;2;"7E1";"Kewirausahaan Taraf Kab/Kota/PT";10.0;"2024-12-07 13:39:25";"2024-12-07 13:39:25";4;0
